{"train/loss": 1.065, "train/learning_rate": 1.205410343377998e-05, "train/epoch": 1.82, "train/global_step": 500, "_timestamp": 1743133592.4822037, "_runtime": 7502.258767604828, "_step": 49, "_wandb": {"runtime": 7501}}