{"train/loss": 1.045, "train/learning_rate": 5.421625397727947e-10, "train/epoch": 2.99, "train/global_step": 822, "_timestamp": 1743174521.6048064, "_runtime": 9978.28677535057, "_step": 82, "train/train_runtime": 9981.0473, "train/train_samples_per_second": 2.64, "train/train_steps_per_second": 0.082, "train/total_flos": 1.94788198481707e+18, "train/train_loss": 1.3242367665553034, "_wandb": {"runtime": 9982}}