{"eval/loss": 3.4405081272125244, "eval/runtime": 1067.3128, "eval/samples_per_second": 8.229, "eval/steps_per_second": 1.029, "train/global_step": 0, "_timestamp": 1743124273.951193, "_runtime": 3.721379041671753, "_step": 0, "_wandb": {"runtime": 3}}